Year,Week,MatchupID,RosterID,LookupID,Manager,TeamTotalPoints,PlayerID,PlayerName,PlayerPoints
2021,1,,,2021-1--0,#N/A,,,,
2021,1,,,2021-1--0,#N/A,,,,
2021,1,,,2021-1--0,#N/A,,,,
2021,1,,,2021-1--0,#N/A,,,,
2021,1,,,2021-1--0,#N/A,,,,
2021,1,,,2021-1--0,#N/A,,,,
2021,1,,,2021-1--0,#N/A,,,,
2021,1,,,2021-1--0,#N/A,,,,
2021,1,,,2021-1--0,#N/A,,,,
2021,1,,,2021-1--0,#N/A,,,,
2021,1,,,2021-1--0,#N/A,,,,
2021,1,,,2021-1--0,#N/A,,,,
2021,1,,,2021-1--0,#N/A,,,,
2021,1,,,2021-1--0,#N/A,,,,
2021,1,,,2021-1--0,#N/A,,,,
2021,1,,,2021-1--0,#N/A,,,,
2021,1,,,2021-1--0,#N/A,,,,
2021,1,,,2021-1--0,#N/A,,,,
2021,1,,,2021-1--0,#N/A,,,,
2021,1,,,2021-1--0,#N/A,,,,
2021,1,,,2021-1--0,#N/A,,,,
2021,1,,,2021-1--0,#N/A,,,,
2021,1,,,2021-1--0,#N/A,,,,
2021,1,,,2021-1--0,#N/A,,,,
2021,10,,,2021-10--0,#N/A,,,,
2021,10,,,2021-10--0,#N/A,,,,
2021,10,,,2021-10--0,#N/A,,,,
2021,10,,,2021-10--0,#N/A,,,,
2021,10,,,2021-10--0,#N/A,,,,
2021,10,,,2021-10--0,#N/A,,,,
2021,10,,,2021-10--0,#N/A,,,,
2021,10,,,2021-10--0,#N/A,,,,
2021,10,,,2021-10--0,#N/A,,,,
2021,10,,,2021-10--0,#N/A,,,,
2021,10,,,2021-10--0,#N/A,,,,
2021,10,,,2021-10--0,#N/A,,,,
2021,10,,,2021-10--0,#N/A,,,,
2021,10,,,2021-10--0,#N/A,,,,
2021,10,,,2021-10--0,#N/A,,,,
2021,10,,,2021-10--0,#N/A,,,,
2021,10,,,2021-10--0,#N/A,,,,
2021,10,,,2021-10--0,#N/A,,,,
2021,10,,,2021-10--0,#N/A,,,,
2021,10,,,2021-10--0,#N/A,,,,
2021,10,,,2021-10--0,#N/A,,,,
2021,10,,,2021-10--0,#N/A,,,,
2021,10,,,2021-10--0,#N/A,,,,
2021,10,,,2021-10--0,#N/A,,,,
2021,11,,,2021-11--0,#N/A,,,,
2021,11,,,2021-11--0,#N/A,,,,
2021,11,,,2021-11--0,#N/A,,,,
2021,11,,,2021-11--0,#N/A,,,,
2021,11,,,2021-11--0,#N/A,,,,
2021,11,,,2021-11--0,#N/A,,,,
2021,11,,,2021-11--0,#N/A,,,,
2021,11,,,2021-11--0,#N/A,,,,
2021,11,,,2021-11--0,#N/A,,,,
2021,11,,,2021-11--0,#N/A,,,,
2021,11,,,2021-11--0,#N/A,,,,
2021,11,,,2021-11--0,#N/A,,,,
2021,11,,,2021-11--0,#N/A,,,,
2021,11,,,2021-11--0,#N/A,,,,
2021,11,,,2021-11--0,#N/A,,,,
2021,11,,,2021-11--0,#N/A,,,,
2021,11,,,2021-11--0,#N/A,,,,
2021,11,,,2021-11--0,#N/A,,,,
2021,11,,,2021-11--0,#N/A,,,,
2021,11,,,2021-11--0,#N/A,,,,
2021,11,,,2021-11--0,#N/A,,,,
2021,11,,,2021-11--0,#N/A,,,,
2021,11,,,2021-11--0,#N/A,,,,
2021,11,,,2021-11--0,#N/A,,,,
2021,12,,,2021-12--0,#N/A,,,,
2021,12,,,2021-12--0,#N/A,,,,
2021,12,,,2021-12--0,#N/A,,,,
2021,12,,,2021-12--0,#N/A,,,,
2021,12,,,2021-12--0,#N/A,,,,
2021,12,,,2021-12--0,#N/A,,,,
2021,12,,,2021-12--0,#N/A,,,,
2021,12,,,2021-12--0,#N/A,,,,
2021,12,,,2021-12--0,#N/A,,,,
2021,12,,,2021-12--0,#N/A,,,,
2021,12,,,2021-12--0,#N/A,,,,
2021,12,,,2021-12--0,#N/A,,,,
2021,12,,,2021-12--0,#N/A,,,,
2021,12,,,2021-12--0,#N/A,,,,
2021,12,,,2021-12--0,#N/A,,,,
2021,12,,,2021-12--0,#N/A,,,,
2021,12,,,2021-12--0,#N/A,,,,
2021,12,,,2021-12--0,#N/A,,,,
2021,12,,,2021-12--0,#N/A,,,,
2021,12,,,2021-12--0,#N/A,,,,
2021,12,,,2021-12--0,#N/A,,,,
2021,12,,,2021-12--0,#N/A,,,,
2021,12,,,2021-12--0,#N/A,,,,
2021,12,,,2021-12--0,#N/A,,,,
2021,13,,,2021-13--0,#N/A,,,,
2021,13,,,2021-13--0,#N/A,,,,
2021,13,,,2021-13--0,#N/A,,,,
2021,13,,,2021-13--0,#N/A,,,,
2021,13,,,2021-13--0,#N/A,,,,
2021,13,,,2021-13--0,#N/A,,,,
2021,13,,,2021-13--0,#N/A,,,,
2021,13,,,2021-13--0,#N/A,,,,
2021,13,,,2021-13--0,#N/A,,,,
2021,13,,,2021-13--0,#N/A,,,,
2021,13,,,2021-13--0,#N/A,,,,
2021,13,,,2021-13--0,#N/A,,,,
2021,13,,,2021-13--0,#N/A,,,,
2021,13,,,2021-13--0,#N/A,,,,
2021,13,,,2021-13--0,#N/A,,,,
2021,13,,,2021-13--0,#N/A,,,,
2021,13,,,2021-13--0,#N/A,,,,
2021,13,,,2021-13--0,#N/A,,,,
2021,13,,,2021-13--0,#N/A,,,,
2021,13,,,2021-13--0,#N/A,,,,
2021,13,,,2021-13--0,#N/A,,,,
2021,13,,,2021-13--0,#N/A,,,,
2021,13,,,2021-13--0,#N/A,,,,
2021,13,,,2021-13--0,#N/A,,,,
2021,14,,,2021-14--0,#N/A,,,,
2021,14,,,2021-14--0,#N/A,,,,
2021,14,,,2021-14--0,#N/A,,,,
2021,14,,,2021-14--0,#N/A,,,,
2021,14,,,2021-14--0,#N/A,,,,
2021,14,,,2021-14--0,#N/A,,,,
2021,14,,,2021-14--0,#N/A,,,,
2021,14,,,2021-14--0,#N/A,,,,
2021,14,,,2021-14--0,#N/A,,,,
2021,14,,,2021-14--0,#N/A,,,,
2021,14,,,2021-14--0,#N/A,,,,
2021,14,,,2021-14--0,#N/A,,,,
2021,14,,,2021-14--0,#N/A,,,,
2021,14,,,2021-14--0,#N/A,,,,
2021,14,,,2021-14--0,#N/A,,,,
2021,14,,,2021-14--0,#N/A,,,,
2021,14,,,2021-14--0,#N/A,,,,
2021,14,,,2021-14--0,#N/A,,,,
2021,14,,,2021-14--0,#N/A,,,,
2021,14,,,2021-14--0,#N/A,,,,
2021,14,,,2021-14--0,#N/A,,,,
2021,14,,,2021-14--0,#N/A,,,,
2021,14,,,2021-14--0,#N/A,,,,
2021,14,,,2021-14--0,#N/A,,,,
2021,15,,,2021-15--0,#N/A,,,,
2021,15,,,2021-15--0,#N/A,,,,
2021,15,,,2021-15--0,#N/A,,,,
2021,15,,,2021-15--0,#N/A,,,,
2021,15,,,2021-15--0,#N/A,,,,
2021,15,,,2021-15--0,#N/A,,,,
2021,15,,,2021-15--0,#N/A,,,,
2021,15,,,2021-15--0,#N/A,,,,
2021,15,,,2021-15--0,#N/A,,,,
2021,15,,,2021-15--0,#N/A,,,,
2021,15,,,2021-15--0,#N/A,,,,
2021,15,,,2021-15--0,#N/A,,,,
2021,15,,,2021-15--0,#N/A,,,,
2021,15,,,2021-15--0,#N/A,,,,
2021,15,,,2021-15--0,#N/A,,,,
2021,15,,,2021-15--0,#N/A,,,,
2021,15,,,2021-15--0,#N/A,,,,
2021,15,,,2021-15--0,#N/A,,,,
2021,15,,,2021-15--0,#N/A,,,,
2021,15,,,2021-15--0,#N/A,,,,
2021,15,,,2021-15--0,#N/A,,,,
2021,15,,,2021-15--0,#N/A,,,,
2021,15,,,2021-15--0,#N/A,,,,
2021,15,,,2021-15--0,#N/A,,,,
2021,16,,,2021-16--0,#N/A,,,,
2021,16,,,2021-16--0,#N/A,,,,
2021,16,,,2021-16--0,#N/A,,,,
2021,16,,,2021-16--0,#N/A,,,,
2021,16,,,2021-16--0,#N/A,,,,
2021,16,,,2021-16--0,#N/A,,,,
2021,16,,,2021-16--0,#N/A,,,,
2021,16,,,2021-16--0,#N/A,,,,
2021,16,,,2021-16--0,#N/A,,,,
2021,16,,,2021-16--0,#N/A,,,,
2021,16,,,2021-16--0,#N/A,,,,
2021,16,,,2021-16--0,#N/A,,,,
2021,16,,,2021-16--0,#N/A,,,,
2021,16,,,2021-16--0,#N/A,,,,
2021,16,,,2021-16--0,#N/A,,,,
2021,16,,,2021-16--0,#N/A,,,,
2021,16,,,2021-16--0,#N/A,,,,
2021,16,,,2021-16--0,#N/A,,,,
2021,16,,,2021-16--0,#N/A,,,,
2021,16,,,2021-16--0,#N/A,,,,
2021,16,,,2021-16--0,#N/A,,,,
2021,16,,,2021-16--0,#N/A,,,,
2021,16,,,2021-16--0,#N/A,,,,
2021,16,,,2021-16--0,#N/A,,,,
2021,17,,,2021-17--0,#N/A,,,,
2021,17,,,2021-17--0,#N/A,,,,
2021,17,,,2021-17--0,#N/A,,,,
2021,17,,,2021-17--0,#N/A,,,,
2021,17,,,2021-17--0,#N/A,,,,
2021,17,,,2021-17--0,#N/A,,,,
2021,17,,,2021-17--0,#N/A,,,,
2021,17,,,2021-17--0,#N/A,,,,
2021,17,,,2021-17--0,#N/A,,,,
2021,17,,,2021-17--0,#N/A,,,,
2021,17,,,2021-17--0,#N/A,,,,
2021,17,,,2021-17--0,#N/A,,,,
2021,17,,,2021-17--0,#N/A,,,,
2021,17,,,2021-17--0,#N/A,,,,
2021,17,,,2021-17--0,#N/A,,,,
2021,17,,,2021-17--0,#N/A,,,,
2021,17,,,2021-17--0,#N/A,,,,
2021,17,,,2021-17--0,#N/A,,,,
2021,17,,,2021-17--0,#N/A,,,,
2021,17,,,2021-17--0,#N/A,,,,
2021,17,,,2021-17--0,#N/A,,,,
2021,17,,,2021-17--0,#N/A,,,,
2021,17,,,2021-17--0,#N/A,,,,
2021,17,,,2021-17--0,#N/A,,,,
2021,18,,,2021-18--0,#N/A,,,,
2021,18,,,2021-18--0,#N/A,,,,
2021,18,,,2021-18--0,#N/A,,,,
2021,18,,,2021-18--0,#N/A,,,,
2021,18,,,2021-18--0,#N/A,,,,
2021,18,,,2021-18--0,#N/A,,,,
2021,18,,,2021-18--0,#N/A,,,,
2021,18,,,2021-18--0,#N/A,,,,
2021,18,,,2021-18--0,#N/A,,,,
2021,18,,,2021-18--0,#N/A,,,,
2021,18,,,2021-18--0,#N/A,,,,
2021,18,,,2021-18--0,#N/A,,,,
2021,18,,,2021-18--0,#N/A,,,,
2021,18,,,2021-18--0,#N/A,,,,
2021,18,,,2021-18--0,#N/A,,,,
2021,18,,,2021-18--0,#N/A,,,,
2021,18,,,2021-18--0,#N/A,,,,
2021,18,,,2021-18--0,#N/A,,,,
2021,18,,,2021-18--0,#N/A,,,,
2021,18,,,2021-18--0,#N/A,,,,
2021,18,,,2021-18--0,#N/A,,,,
2021,18,,,2021-18--0,#N/A,,,,
2021,18,,,2021-18--0,#N/A,,,,
2021,18,,,2021-18--0,#N/A,,,,
2021,2,,,2021-2--0,#N/A,,,,
2021,2,,,2021-2--0,#N/A,,,,
2021,2,,,2021-2--0,#N/A,,,,
2021,2,,,2021-2--0,#N/A,,,,
2021,2,,,2021-2--0,#N/A,,,,
2021,2,,,2021-2--0,#N/A,,,,
2021,2,,,2021-2--0,#N/A,,,,
2021,2,,,2021-2--0,#N/A,,,,
2021,2,,,2021-2--0,#N/A,,,,
2021,2,,,2021-2--0,#N/A,,,,
2021,2,,,2021-2--0,#N/A,,,,
2021,2,,,2021-2--0,#N/A,,,,
2021,2,,,2021-2--0,#N/A,,,,
2021,2,,,2021-2--0,#N/A,,,,
2021,2,,,2021-2--0,#N/A,,,,
2021,2,,,2021-2--0,#N/A,,,,
2021,2,,,2021-2--0,#N/A,,,,
2021,2,,,2021-2--0,#N/A,,,,
2021,2,,,2021-2--0,#N/A,,,,
2021,2,,,2021-2--0,#N/A,,,,
2021,2,,,2021-2--0,#N/A,,,,
2021,2,,,2021-2--0,#N/A,,,,
2021,2,,,2021-2--0,#N/A,,,,
2021,2,,,2021-2--0,#N/A,,,,
2021,3,,,2021-3--0,#N/A,,,,
2021,3,,,2021-3--0,#N/A,,,,
2021,3,,,2021-3--0,#N/A,,,,
2021,3,,,2021-3--0,#N/A,,,,
2021,3,,,2021-3--0,#N/A,,,,
2021,3,,,2021-3--0,#N/A,,,,
2021,3,,,2021-3--0,#N/A,,,,
2021,3,,,2021-3--0,#N/A,,,,
2021,3,,,2021-3--0,#N/A,,,,
2021,3,,,2021-3--0,#N/A,,,,
2021,3,,,2021-3--0,#N/A,,,,
2021,3,,,2021-3--0,#N/A,,,,
2021,3,,,2021-3--0,#N/A,,,,
2021,3,,,2021-3--0,#N/A,,,,
2021,3,,,2021-3--0,#N/A,,,,
2021,3,,,2021-3--0,#N/A,,,,
2021,3,,,2021-3--0,#N/A,,,,
2021,3,,,2021-3--0,#N/A,,,,
2021,3,,,2021-3--0,#N/A,,,,
2021,3,,,2021-3--0,#N/A,,,,
2021,3,,,2021-3--0,#N/A,,,,
2021,3,,,2021-3--0,#N/A,,,,
2021,3,,,2021-3--0,#N/A,,,,
2021,3,,,2021-3--0,#N/A,,,,
2021,4,,,2021-4--0,#N/A,,,,
2021,4,,,2021-4--0,#N/A,,,,
2021,4,,,2021-4--0,#N/A,,,,
2021,4,,,2021-4--0,#N/A,,,,
2021,4,,,2021-4--0,#N/A,,,,
2021,4,,,2021-4--0,#N/A,,,,
2021,4,,,2021-4--0,#N/A,,,,
2021,4,,,2021-4--0,#N/A,,,,
2021,4,,,2021-4--0,#N/A,,,,
2021,4,,,2021-4--0,#N/A,,,,
2021,4,,,2021-4--0,#N/A,,,,
2021,4,,,2021-4--0,#N/A,,,,
2021,4,,,2021-4--0,#N/A,,,,
2021,4,,,2021-4--0,#N/A,,,,
2021,4,,,2021-4--0,#N/A,,,,
2021,4,,,2021-4--0,#N/A,,,,
2021,4,,,2021-4--0,#N/A,,,,
2021,4,,,2021-4--0,#N/A,,,,
2021,4,,,2021-4--0,#N/A,,,,
2021,4,,,2021-4--0,#N/A,,,,
2021,4,,,2021-4--0,#N/A,,,,
2021,4,,,2021-4--0,#N/A,,,,
2021,4,,,2021-4--0,#N/A,,,,
2021,4,,,2021-4--0,#N/A,,,,
2021,5,,,2021-5--0,#N/A,,,,
2021,5,,,2021-5--0,#N/A,,,,
2021,5,,,2021-5--0,#N/A,,,,
2021,5,,,2021-5--0,#N/A,,,,
2021,5,,,2021-5--0,#N/A,,,,
2021,5,,,2021-5--0,#N/A,,,,
2021,5,,,2021-5--0,#N/A,,,,
2021,5,,,2021-5--0,#N/A,,,,
2021,5,,,2021-5--0,#N/A,,,,
2021,5,,,2021-5--0,#N/A,,,,
2021,5,,,2021-5--0,#N/A,,,,
2021,5,,,2021-5--0,#N/A,,,,
2021,5,,,2021-5--0,#N/A,,,,
2021,5,,,2021-5--0,#N/A,,,,
2021,5,,,2021-5--0,#N/A,,,,
2021,5,,,2021-5--0,#N/A,,,,
2021,5,,,2021-5--0,#N/A,,,,
2021,5,,,2021-5--0,#N/A,,,,
2021,5,,,2021-5--0,#N/A,,,,
2021,5,,,2021-5--0,#N/A,,,,
2021,5,,,2021-5--0,#N/A,,,,
2021,5,,,2021-5--0,#N/A,,,,
2021,5,,,2021-5--0,#N/A,,,,
2021,5,,,2021-5--0,#N/A,,,,
2021,6,,,2021-6--0,#N/A,,,,
2021,6,,,2021-6--0,#N/A,,,,
2021,6,,,2021-6--0,#N/A,,,,
2021,6,,,2021-6--0,#N/A,,,,
2021,6,,,2021-6--0,#N/A,,,,
2021,6,,,2021-6--0,#N/A,,,,
2021,6,,,2021-6--0,#N/A,,,,
2021,6,,,2021-6--0,#N/A,,,,
2021,6,,,2021-6--0,#N/A,,,,
2021,6,,,2021-6--0,#N/A,,,,
2021,6,,,2021-6--0,#N/A,,,,
2021,6,,,2021-6--0,#N/A,,,,
2021,6,,,2021-6--0,#N/A,,,,
2021,6,,,2021-6--0,#N/A,,,,
2021,6,,,2021-6--0,#N/A,,,,
2021,6,,,2021-6--0,#N/A,,,,
2021,6,,,2021-6--0,#N/A,,,,
2021,6,,,2021-6--0,#N/A,,,,
2021,6,,,2021-6--0,#N/A,,,,
2021,6,,,2021-6--0,#N/A,,,,
2021,6,,,2021-6--0,#N/A,,,,
2021,6,,,2021-6--0,#N/A,,,,
2021,6,,,2021-6--0,#N/A,,,,
2021,6,,,2021-6--0,#N/A,,,,
2021,7,,,2021-7--0,#N/A,,,,
2021,7,,,2021-7--0,#N/A,,,,
2021,7,,,2021-7--0,#N/A,,,,
2021,7,,,2021-7--0,#N/A,,,,
2021,7,,,2021-7--0,#N/A,,,,
2021,7,,,2021-7--0,#N/A,,,,
2021,7,,,2021-7--0,#N/A,,,,
2021,7,,,2021-7--0,#N/A,,,,
2021,7,,,2021-7--0,#N/A,,,,
2021,7,,,2021-7--0,#N/A,,,,
2021,7,,,2021-7--0,#N/A,,,,
2021,7,,,2021-7--0,#N/A,,,,
2021,7,,,2021-7--0,#N/A,,,,
2021,7,,,2021-7--0,#N/A,,,,
2021,7,,,2021-7--0,#N/A,,,,
2021,7,,,2021-7--0,#N/A,,,,
2021,7,,,2021-7--0,#N/A,,,,
2021,7,,,2021-7--0,#N/A,,,,
2021,7,,,2021-7--0,#N/A,,,,
2021,7,,,2021-7--0,#N/A,,,,
2021,7,,,2021-7--0,#N/A,,,,
2021,7,,,2021-7--0,#N/A,,,,
2021,7,,,2021-7--0,#N/A,,,,
2021,7,,,2021-7--0,#N/A,,,,
2021,8,,,2021-8--0,#N/A,,,,
2021,8,,,2021-8--0,#N/A,,,,
2021,8,,,2021-8--0,#N/A,,,,
2021,8,,,2021-8--0,#N/A,,,,
2021,8,,,2021-8--0,#N/A,,,,
2021,8,,,2021-8--0,#N/A,,,,
2021,8,,,2021-8--0,#N/A,,,,
2021,8,,,2021-8--0,#N/A,,,,
2021,8,,,2021-8--0,#N/A,,,,
2021,8,,,2021-8--0,#N/A,,,,
2021,8,,,2021-8--0,#N/A,,,,
2021,8,,,2021-8--0,#N/A,,,,
2021,8,,,2021-8--0,#N/A,,,,
2021,8,,,2021-8--0,#N/A,,,,
2021,8,,,2021-8--0,#N/A,,,,
2021,8,,,2021-8--0,#N/A,,,,
2021,8,,,2021-8--0,#N/A,,,,
2021,8,,,2021-8--0,#N/A,,,,
2021,8,,,2021-8--0,#N/A,,,,
2021,8,,,2021-8--0,#N/A,,,,
2021,8,,,2021-8--0,#N/A,,,,
2021,8,,,2021-8--0,#N/A,,,,
2021,8,,,2021-8--0,#N/A,,,,
2021,8,,,2021-8--0,#N/A,,,,
2021,9,,,2021-9--0,#N/A,,,,
2021,9,,,2021-9--0,#N/A,,,,
2021,9,,,2021-9--0,#N/A,,,,
2021,9,,,2021-9--0,#N/A,,,,
2021,9,,,2021-9--0,#N/A,,,,
2021,9,,,2021-9--0,#N/A,,,,
2021,9,,,2021-9--0,#N/A,,,,
2021,9,,,2021-9--0,#N/A,,,,
2021,9,,,2021-9--0,#N/A,,,,
2021,9,,,2021-9--0,#N/A,,,,
2021,9,,,2021-9--0,#N/A,,,,
2021,9,,,2021-9--0,#N/A,,,,
2021,9,,,2021-9--0,#N/A,,,,
2021,9,,,2021-9--0,#N/A,,,,
2021,9,,,2021-9--0,#N/A,,,,
2021,9,,,2021-9--0,#N/A,,,,
2021,9,,,2021-9--0,#N/A,,,,
2021,9,,,2021-9--0,#N/A,,,,
2021,9,,,2021-9--0,#N/A,,,,
2021,9,,,2021-9--0,#N/A,,,,
2021,9,,,2021-9--0,#N/A,,,,
2021,9,,,2021-9--0,#N/A,,,,
2021,9,,,2021-9--0,#N/A,,,,
2021,9,,,2021-9--0,#N/A,,,,
2022,1,,,2022-1--0,#N/A,,,,
2022,1,,,2022-1--0,#N/A,,,,
2022,1,,,2022-1--0,#N/A,,,,
2022,1,,,2022-1--0,#N/A,,,,
2022,1,,,2022-1--0,#N/A,,,,
2022,1,,,2022-1--0,#N/A,,,,
2022,1,,,2022-1--0,#N/A,,,,
2022,1,,,2022-1--0,#N/A,,,,
2022,1,,,2022-1--0,#N/A,,,,
2022,1,,,2022-1--0,#N/A,,,,
2022,1,,,2022-1--0,#N/A,,,,
2022,1,,,2022-1--0,#N/A,,,,
2022,1,,,2022-1--0,#N/A,,,,
2022,1,,,2022-1--0,#N/A,,,,
2022,1,,,2022-1--0,#N/A,,,,
2022,1,,,2022-1--0,#N/A,,,,
2022,1,,,2022-1--0,#N/A,,,,
2022,1,,,2022-1--0,#N/A,,,,
2022,1,,,2022-1--0,#N/A,,,,
2022,1,,,2022-1--0,#N/A,,,,
2022,1,,,2022-1--0,#N/A,,,,
2022,1,,,2022-1--0,#N/A,,,,
2022,1,,,2022-1--0,#N/A,,,,
2022,1,,,2022-1--0,#N/A,,,,
2022,10,,,2022-10--0,#N/A,,,,
2022,10,,,2022-10--0,#N/A,,,,
2022,10,,,2022-10--0,#N/A,,,,
2022,10,,,2022-10--0,#N/A,,,,
2022,10,,,2022-10--0,#N/A,,,,
2022,10,,,2022-10--0,#N/A,,,,
2022,10,,,2022-10--0,#N/A,,,,
2022,10,,,2022-10--0,#N/A,,,,
2022,10,,,2022-10--0,#N/A,,,,
2022,10,,,2022-10--0,#N/A,,,,
2022,10,,,2022-10--0,#N/A,,,,
2022,10,,,2022-10--0,#N/A,,,,
2022,10,,,2022-10--0,#N/A,,,,
2022,10,,,2022-10--0,#N/A,,,,
2022,10,,,2022-10--0,#N/A,,,,
2022,10,,,2022-10--0,#N/A,,,,
2022,10,,,2022-10--0,#N/A,,,,
2022,10,,,2022-10--0,#N/A,,,,
2022,10,,,2022-10--0,#N/A,,,,
2022,10,,,2022-10--0,#N/A,,,,
2022,10,,,2022-10--0,#N/A,,,,
2022,10,,,2022-10--0,#N/A,,,,
2022,10,,,2022-10--0,#N/A,,,,
2022,10,,,2022-10--0,#N/A,,,,
2022,11,,,2022-11--0,#N/A,,,,
2022,11,,,2022-11--0,#N/A,,,,
2022,11,,,2022-11--0,#N/A,,,,
2022,11,,,2022-11--0,#N/A,,,,
2022,11,,,2022-11--0,#N/A,,,,
2022,11,,,2022-11--0,#N/A,,,,
2022,11,,,2022-11--0,#N/A,,,,
2022,11,,,2022-11--0,#N/A,,,,
2022,11,,,2022-11--0,#N/A,,,,
2022,11,,,2022-11--0,#N/A,,,,
2022,11,,,2022-11--0,#N/A,,,,
2022,11,,,2022-11--0,#N/A,,,,
2022,11,,,2022-11--0,#N/A,,,,
2022,11,,,2022-11--0,#N/A,,,,
2022,11,,,2022-11--0,#N/A,,,,
2022,11,,,2022-11--0,#N/A,,,,
2022,11,,,2022-11--0,#N/A,,,,
2022,11,,,2022-11--0,#N/A,,,,
2022,11,,,2022-11--0,#N/A,,,,
2022,11,,,2022-11--0,#N/A,,,,
2022,11,,,2022-11--0,#N/A,,,,
2022,11,,,2022-11--0,#N/A,,,,
2022,11,,,2022-11--0,#N/A,,,,
2022,11,,,2022-11--0,#N/A,,,,
2022,12,,,2022-12--0,#N/A,,,,
2022,12,,,2022-12--0,#N/A,,,,
2022,12,,,2022-12--0,#N/A,,,,
2022,12,,,2022-12--0,#N/A,,,,
2022,12,,,2022-12--0,#N/A,,,,
2022,12,,,2022-12--0,#N/A,,,,
2022,12,,,2022-12--0,#N/A,,,,
2022,12,,,2022-12--0,#N/A,,,,
2022,12,,,2022-12--0,#N/A,,,,
2022,12,,,2022-12--0,#N/A,,,,
2022,12,,,2022-12--0,#N/A,,,,
2022,12,,,2022-12--0,#N/A,,,,
2022,12,,,2022-12--0,#N/A,,,,
2022,12,,,2022-12--0,#N/A,,,,
2022,12,,,2022-12--0,#N/A,,,,
2022,12,,,2022-12--0,#N/A,,,,
2022,12,,,2022-12--0,#N/A,,,,
2022,12,,,2022-12--0,#N/A,,,,
2022,12,,,2022-12--0,#N/A,,,,
2022,12,,,2022-12--0,#N/A,,,,
2022,12,,,2022-12--0,#N/A,,,,
2022,12,,,2022-12--0,#N/A,,,,
2022,12,,,2022-12--0,#N/A,,,,
2022,12,,,2022-12--0,#N/A,,,,
2022,13,,,2022-13--0,#N/A,,,,
2022,13,,,2022-13--0,#N/A,,,,
2022,13,,,2022-13--0,#N/A,,,,
2022,13,,,2022-13--0,#N/A,,,,
2022,13,,,2022-13--0,#N/A,,,,
2022,13,,,2022-13--0,#N/A,,,,
2022,13,,,2022-13--0,#N/A,,,,
2022,13,,,2022-13--0,#N/A,,,,
2022,13,,,2022-13--0,#N/A,,,,
2022,13,,,2022-13--0,#N/A,,,,
2022,13,,,2022-13--0,#N/A,,,,
2022,13,,,2022-13--0,#N/A,,,,
2022,13,,,2022-13--0,#N/A,,,,
2022,13,,,2022-13--0,#N/A,,,,
2022,13,,,2022-13--0,#N/A,,,,
2022,13,,,2022-13--0,#N/A,,,,
2022,13,,,2022-13--0,#N/A,,,,
2022,13,,,2022-13--0,#N/A,,,,
2022,13,,,2022-13--0,#N/A,,,,
2022,13,,,2022-13--0,#N/A,,,,
2022,13,,,2022-13--0,#N/A,,,,
2022,13,,,2022-13--0,#N/A,,,,
2022,13,,,2022-13--0,#N/A,,,,
2022,13,,,2022-13--0,#N/A,,,,
2022,14,,,2022-14--0,#N/A,,,,
2022,14,,,2022-14--0,#N/A,,,,
2022,14,,,2022-14--0,#N/A,,,,
2022,14,,,2022-14--0,#N/A,,,,
2022,14,,,2022-14--0,#N/A,,,,
2022,14,,,2022-14--0,#N/A,,,,
2022,14,,,2022-14--0,#N/A,,,,
2022,14,,,2022-14--0,#N/A,,,,
2022,14,,,2022-14--0,#N/A,,,,
2022,14,,,2022-14--0,#N/A,,,,
2022,14,,,2022-14--0,#N/A,,,,
2022,14,,,2022-14--0,#N/A,,,,
2022,14,,,2022-14--0,#N/A,,,,
2022,14,,,2022-14--0,#N/A,,,,
2022,14,,,2022-14--0,#N/A,,,,
2022,14,,,2022-14--0,#N/A,,,,
2022,14,,,2022-14--0,#N/A,,,,
2022,14,,,2022-14--0,#N/A,,,,
2022,14,,,2022-14--0,#N/A,,,,
2022,14,,,2022-14--0,#N/A,,,,
2022,14,,,2022-14--0,#N/A,,,,
2022,14,,,2022-14--0,#N/A,,,,
2022,14,,,2022-14--0,#N/A,,,,
2022,14,,,2022-14--0,#N/A,,,,
2022,15,,,2022-15--0,#N/A,,,,
2022,15,,,2022-15--0,#N/A,,,,
2022,15,,,2022-15--0,#N/A,,,,
2022,15,,,2022-15--0,#N/A,,,,
2022,15,,,2022-15--0,#N/A,,,,
2022,15,,,2022-15--0,#N/A,,,,
2022,15,,,2022-15--0,#N/A,,,,
2022,15,,,2022-15--0,#N/A,,,,
2022,15,,,2022-15--0,#N/A,,,,
2022,15,,,2022-15--0,#N/A,,,,
2022,15,,,2022-15--0,#N/A,,,,
2022,15,,,2022-15--0,#N/A,,,,
2022,15,,,2022-15--0,#N/A,,,,
2022,15,,,2022-15--0,#N/A,,,,
2022,15,,,2022-15--0,#N/A,,,,
2022,15,,,2022-15--0,#N/A,,,,
2022,15,,,2022-15--0,#N/A,,,,
2022,15,,,2022-15--0,#N/A,,,,
2022,15,,,2022-15--0,#N/A,,,,
2022,15,,,2022-15--0,#N/A,,,,
2022,15,,,2022-15--0,#N/A,,,,
2022,15,,,2022-15--0,#N/A,,,,
2022,15,,,2022-15--0,#N/A,,,,
2022,15,,,2022-15--0,#N/A,,,,
2022,16,,,2022-16--0,#N/A,,,,
2022,16,,,2022-16--0,#N/A,,,,
2022,16,,,2022-16--0,#N/A,,,,
2022,16,,,2022-16--0,#N/A,,,,
2022,16,,,2022-16--0,#N/A,,,,
2022,16,,,2022-16--0,#N/A,,,,
2022,16,,,2022-16--0,#N/A,,,,
2022,16,,,2022-16--0,#N/A,,,,
2022,16,,,2022-16--0,#N/A,,,,
2022,16,,,2022-16--0,#N/A,,,,
2022,16,,,2022-16--0,#N/A,,,,
2022,16,,,2022-16--0,#N/A,,,,
2022,16,,,2022-16--0,#N/A,,,,
2022,16,,,2022-16--0,#N/A,,,,
2022,16,,,2022-16--0,#N/A,,,,
2022,16,,,2022-16--0,#N/A,,,,
2022,16,,,2022-16--0,#N/A,,,,
2022,16,,,2022-16--0,#N/A,,,,
2022,16,,,2022-16--0,#N/A,,,,
2022,16,,,2022-16--0,#N/A,,,,
2022,16,,,2022-16--0,#N/A,,,,
2022,16,,,2022-16--0,#N/A,,,,
2022,16,,,2022-16--0,#N/A,,,,
2022,16,,,2022-16--0,#N/A,,,,
2022,17,,,2022-17--0,#N/A,,,,
2022,17,,,2022-17--0,#N/A,,,,
2022,17,,,2022-17--0,#N/A,,,,
2022,17,,,2022-17--0,#N/A,,,,
2022,17,,,2022-17--0,#N/A,,,,
2022,17,,,2022-17--0,#N/A,,,,
2022,17,,,2022-17--0,#N/A,,,,
2022,17,,,2022-17--0,#N/A,,,,
2022,17,,,2022-17--0,#N/A,,,,
2022,17,,,2022-17--0,#N/A,,,,
2022,17,,,2022-17--0,#N/A,,,,
2022,17,,,2022-17--0,#N/A,,,,
2022,17,,,2022-17--0,#N/A,,,,
2022,17,,,2022-17--0,#N/A,,,,
2022,17,,,2022-17--0,#N/A,,,,
2022,17,,,2022-17--0,#N/A,,,,
2022,17,,,2022-17--0,#N/A,,,,
2022,17,,,2022-17--0,#N/A,,,,
2022,17,,,2022-17--0,#N/A,,,,
2022,17,,,2022-17--0,#N/A,,,,
2022,17,,,2022-17--0,#N/A,,,,
2022,17,,,2022-17--0,#N/A,,,,
2022,17,,,2022-17--0,#N/A,,,,
2022,17,,,2022-17--0,#N/A,,,,
2022,18,,,2022-18--0,#N/A,,,,
2022,18,,,2022-18--0,#N/A,,,,
2022,18,,,2022-18--0,#N/A,,,,
2022,18,,,2022-18--0,#N/A,,,,
2022,18,,,2022-18--0,#N/A,,,,
2022,18,,,2022-18--0,#N/A,,,,
2022,18,,,2022-18--0,#N/A,,,,
2022,18,,,2022-18--0,#N/A,,,,
2022,18,,,2022-18--0,#N/A,,,,
2022,18,,,2022-18--0,#N/A,,,,
2022,18,,,2022-18--0,#N/A,,,,
2022,18,,,2022-18--0,#N/A,,,,
2022,18,,,2022-18--0,#N/A,,,,
2022,18,,,2022-18--0,#N/A,,,,
2022,18,,,2022-18--0,#N/A,,,,
2022,18,,,2022-18--0,#N/A,,,,
2022,18,,,2022-18--0,#N/A,,,,
2022,18,,,2022-18--0,#N/A,,,,
2022,18,,,2022-18--0,#N/A,,,,
2022,18,,,2022-18--0,#N/A,,,,
2022,18,,,2022-18--0,#N/A,,,,
2022,18,,,2022-18--0,#N/A,,,,
2022,18,,,2022-18--0,#N/A,,,,
2022,18,,,2022-18--0,#N/A,,,,
2022,2,,,2022-2--0,#N/A,,,,
2022,2,,,2022-2--0,#N/A,,,,
2022,2,,,2022-2--0,#N/A,,,,
2022,2,,,2022-2--0,#N/A,,,,
2022,2,,,2022-2--0,#N/A,,,,
2022,2,,,2022-2--0,#N/A,,,,
2022,2,,,2022-2--0,#N/A,,,,
2022,2,,,2022-2--0,#N/A,,,,
2022,2,,,2022-2--0,#N/A,,,,
2022,2,,,2022-2--0,#N/A,,,,
2022,2,,,2022-2--0,#N/A,,,,
2022,2,,,2022-2--0,#N/A,,,,
2022,2,,,2022-2--0,#N/A,,,,
2022,2,,,2022-2--0,#N/A,,,,
2022,2,,,2022-2--0,#N/A,,,,
2022,2,,,2022-2--0,#N/A,,,,
2022,2,,,2022-2--0,#N/A,,,,
2022,2,,,2022-2--0,#N/A,,,,
2022,2,,,2022-2--0,#N/A,,,,
2022,2,,,2022-2--0,#N/A,,,,
2022,2,,,2022-2--0,#N/A,,,,
2022,2,,,2022-2--0,#N/A,,,,
2022,2,,,2022-2--0,#N/A,,,,
2022,2,,,2022-2--0,#N/A,,,,
2022,3,,,2022-3--0,#N/A,,,,
2022,3,,,2022-3--0,#N/A,,,,
2022,3,,,2022-3--0,#N/A,,,,
2022,3,,,2022-3--0,#N/A,,,,
2022,3,,,2022-3--0,#N/A,,,,
2022,3,,,2022-3--0,#N/A,,,,
2022,3,,,2022-3--0,#N/A,,,,
2022,3,,,2022-3--0,#N/A,,,,
2022,3,,,2022-3--0,#N/A,,,,
2022,3,,,2022-3--0,#N/A,,,,
2022,3,,,2022-3--0,#N/A,,,,
2022,3,,,2022-3--0,#N/A,,,,
2022,3,,,2022-3--0,#N/A,,,,
2022,3,,,2022-3--0,#N/A,,,,
2022,3,,,2022-3--0,#N/A,,,,
2022,3,,,2022-3--0,#N/A,,,,
2022,3,,,2022-3--0,#N/A,,,,
2022,3,,,2022-3--0,#N/A,,,,
2022,3,,,2022-3--0,#N/A,,,,
2022,3,,,2022-3--0,#N/A,,,,
2022,3,,,2022-3--0,#N/A,,,,
2022,3,,,2022-3--0,#N/A,,,,
2022,3,,,2022-3--0,#N/A,,,,
2022,3,,,2022-3--0,#N/A,,,,
2022,4,,,2022-4--0,#N/A,,,,
2022,4,,,2022-4--0,#N/A,,,,
2022,4,,,2022-4--0,#N/A,,,,
2022,4,,,2022-4--0,#N/A,,,,
2022,4,,,2022-4--0,#N/A,,,,
2022,4,,,2022-4--0,#N/A,,,,
2022,4,,,2022-4--0,#N/A,,,,
2022,4,,,2022-4--0,#N/A,,,,
2022,4,,,2022-4--0,#N/A,,,,
2022,4,,,2022-4--0,#N/A,,,,
2022,4,,,2022-4--0,#N/A,,,,
2022,4,,,2022-4--0,#N/A,,,,
2022,4,,,2022-4--0,#N/A,,,,
2022,4,,,2022-4--0,#N/A,,,,
2022,4,,,2022-4--0,#N/A,,,,
2022,4,,,2022-4--0,#N/A,,,,
2022,4,,,2022-4--0,#N/A,,,,
2022,4,,,2022-4--0,#N/A,,,,
2022,4,,,2022-4--0,#N/A,,,,
2022,4,,,2022-4--0,#N/A,,,,
2022,4,,,2022-4--0,#N/A,,,,
2022,4,,,2022-4--0,#N/A,,,,
2022,4,,,2022-4--0,#N/A,,,,
2022,4,,,2022-4--0,#N/A,,,,
2022,5,,,2022-5--0,#N/A,,,,
2022,5,,,2022-5--0,#N/A,,,,
2022,5,,,2022-5--0,#N/A,,,,
2022,5,,,2022-5--0,#N/A,,,,
2022,5,,,2022-5--0,#N/A,,,,
2022,5,,,2022-5--0,#N/A,,,,
2022,5,,,2022-5--0,#N/A,,,,
2022,5,,,2022-5--0,#N/A,,,,
2022,5,,,2022-5--0,#N/A,,,,
2022,5,,,2022-5--0,#N/A,,,,
2022,5,,,2022-5--0,#N/A,,,,
2022,5,,,2022-5--0,#N/A,,,,
2022,5,,,2022-5--0,#N/A,,,,
2022,5,,,2022-5--0,#N/A,,,,
2022,5,,,2022-5--0,#N/A,,,,
2022,5,,,2022-5--0,#N/A,,,,
2022,5,,,2022-5--0,#N/A,,,,
2022,5,,,2022-5--0,#N/A,,,,
2022,5,,,2022-5--0,#N/A,,,,
2022,5,,,2022-5--0,#N/A,,,,
2022,5,,,2022-5--0,#N/A,,,,
2022,5,,,2022-5--0,#N/A,,,,
2022,5,,,2022-5--0,#N/A,,,,
2022,5,,,2022-5--0,#N/A,,,,
2022,6,,,2022-6--0,#N/A,,,,
2022,6,,,2022-6--0,#N/A,,,,
2022,6,,,2022-6--0,#N/A,,,,
2022,6,,,2022-6--0,#N/A,,,,
2022,6,,,2022-6--0,#N/A,,,,
2022,6,,,2022-6--0,#N/A,,,,
2022,6,,,2022-6--0,#N/A,,,,
2022,6,,,2022-6--0,#N/A,,,,
2022,6,,,2022-6--0,#N/A,,,,
2022,6,,,2022-6--0,#N/A,,,,
2022,6,,,2022-6--0,#N/A,,,,
2022,6,,,2022-6--0,#N/A,,,,
2022,6,,,2022-6--0,#N/A,,,,
2022,6,,,2022-6--0,#N/A,,,,
2022,6,,,2022-6--0,#N/A,,,,
2022,6,,,2022-6--0,#N/A,,,,
2022,6,,,2022-6--0,#N/A,,,,
2022,6,,,2022-6--0,#N/A,,,,
2022,6,,,2022-6--0,#N/A,,,,
2022,6,,,2022-6--0,#N/A,,,,
2022,6,,,2022-6--0,#N/A,,,,
2022,6,,,2022-6--0,#N/A,,,,
2022,6,,,2022-6--0,#N/A,,,,
2022,6,,,2022-6--0,#N/A,,,,
2022,7,,,2022-7--0,#N/A,,,,
2022,7,,,2022-7--0,#N/A,,,,
2022,7,,,2022-7--0,#N/A,,,,
2022,7,,,2022-7--0,#N/A,,,,
2022,7,,,2022-7--0,#N/A,,,,
2022,7,,,2022-7--0,#N/A,,,,
2022,7,,,2022-7--0,#N/A,,,,
2022,7,,,2022-7--0,#N/A,,,,
2022,7,,,2022-7--0,#N/A,,,,
2022,7,,,2022-7--0,#N/A,,,,
2022,7,,,2022-7--0,#N/A,,,,
2022,7,,,2022-7--0,#N/A,,,,
2022,7,,,2022-7--0,#N/A,,,,
2022,7,,,2022-7--0,#N/A,,,,
2022,7,,,2022-7--0,#N/A,,,,
2022,7,,,2022-7--0,#N/A,,,,
2022,7,,,2022-7--0,#N/A,,,,
2022,7,,,2022-7--0,#N/A,,,,
2022,7,,,2022-7--0,#N/A,,,,
2022,7,,,2022-7--0,#N/A,,,,
2022,7,,,2022-7--0,#N/A,,,,
2022,7,,,2022-7--0,#N/A,,,,
2022,7,,,2022-7--0,#N/A,,,,
2022,7,,,2022-7--0,#N/A,,,,
2022,8,,,2022-8--0,#N/A,,,,
2022,8,,,2022-8--0,#N/A,,,,
2022,8,,,2022-8--0,#N/A,,,,
2022,8,,,2022-8--0,#N/A,,,,
2022,8,,,2022-8--0,#N/A,,,,
2022,8,,,2022-8--0,#N/A,,,,
2022,8,,,2022-8--0,#N/A,,,,
2022,8,,,2022-8--0,#N/A,,,,
2022,8,,,2022-8--0,#N/A,,,,
2022,8,,,2022-8--0,#N/A,,,,
2022,8,,,2022-8--0,#N/A,,,,
2022,8,,,2022-8--0,#N/A,,,,
2022,8,,,2022-8--0,#N/A,,,,
2022,8,,,2022-8--0,#N/A,,,,
2022,8,,,2022-8--0,#N/A,,,,
2022,8,,,2022-8--0,#N/A,,,,
2022,8,,,2022-8--0,#N/A,,,,
2022,8,,,2022-8--0,#N/A,,,,
2022,8,,,2022-8--0,#N/A,,,,
2022,8,,,2022-8--0,#N/A,,,,
2022,8,,,2022-8--0,#N/A,,,,
2022,8,,,2022-8--0,#N/A,,,,
2022,8,,,2022-8--0,#N/A,,,,
2022,8,,,2022-8--0,#N/A,,,,
2022,9,,,2022-9--0,#N/A,,,,
2022,9,,,2022-9--0,#N/A,,,,
2022,9,,,2022-9--0,#N/A,,,,
2022,9,,,2022-9--0,#N/A,,,,
2022,9,,,2022-9--0,#N/A,,,,
2022,9,,,2022-9--0,#N/A,,,,
2022,9,,,2022-9--0,#N/A,,,,
2022,9,,,2022-9--0,#N/A,,,,
2022,9,,,2022-9--0,#N/A,,,,
2022,9,,,2022-9--0,#N/A,,,,
2022,9,,,2022-9--0,#N/A,,,,
2022,9,,,2022-9--0,#N/A,,,,
2022,9,,,2022-9--0,#N/A,,,,
2022,9,,,2022-9--0,#N/A,,,,
2022,9,,,2022-9--0,#N/A,,,,
2022,9,,,2022-9--0,#N/A,,,,
2022,9,,,2022-9--0,#N/A,,,,
2022,9,,,2022-9--0,#N/A,,,,
2022,9,,,2022-9--0,#N/A,,,,
2022,9,,,2022-9--0,#N/A,,,,
2022,9,,,2022-9--0,#N/A,,,,
2022,9,,,2022-9--0,#N/A,,,,
2022,9,,,2022-9--0,#N/A,,,,
2022,9,,,2022-9--0,#N/A,,,,
2023,1,,,2023-1--0,#N/A,,,,
2023,1,,,2023-1--0,#N/A,,,,
2023,1,,,2023-1--0,#N/A,,,,
2023,1,,,2023-1--0,#N/A,,,,
2023,1,,,2023-1--0,#N/A,,,,
2023,1,,,2023-1--0,#N/A,,,,
2023,1,,,2023-1--0,#N/A,,,,
2023,1,,,2023-1--0,#N/A,,,,
2023,1,,,2023-1--0,#N/A,,,,
2023,1,,,2023-1--0,#N/A,,,,
2023,1,,,2023-1--0,#N/A,,,,
2023,1,,,2023-1--0,#N/A,,,,
2023,1,,,2023-1--0,#N/A,,,,
2023,1,,,2023-1--0,#N/A,,,,
2023,1,,,2023-1--0,#N/A,,,,
2023,1,,,2023-1--0,#N/A,,,,
2023,1,,,2023-1--0,#N/A,,,,
2023,1,,,2023-1--0,#N/A,,,,
2023,1,,,2023-1--0,#N/A,,,,
2023,1,,,2023-1--0,#N/A,,,,
2023,1,,,2023-1--0,#N/A,,,,
2023,1,,,2023-1--0,#N/A,,,,
2023,1,,,2023-1--0,#N/A,,,,
2023,1,,,2023-1--0,#N/A,,,,
2023,10,,,2023-10--0,#N/A,,,,
2023,10,,,2023-10--0,#N/A,,,,
2023,10,,,2023-10--0,#N/A,,,,
2023,10,,,2023-10--0,#N/A,,,,
2023,10,,,2023-10--0,#N/A,,,,
2023,10,,,2023-10--0,#N/A,,,,
2023,10,,,2023-10--0,#N/A,,,,
2023,10,,,2023-10--0,#N/A,,,,
2023,10,,,2023-10--0,#N/A,,,,
2023,10,,,2023-10--0,#N/A,,,,
2023,10,,,2023-10--0,#N/A,,,,
2023,10,,,2023-10--0,#N/A,,,,
2023,10,,,2023-10--0,#N/A,,,,
2023,10,,,2023-10--0,#N/A,,,,
2023,10,,,2023-10--0,#N/A,,,,
2023,10,,,2023-10--0,#N/A,,,,
2023,10,,,2023-10--0,#N/A,,,,
2023,10,,,2023-10--0,#N/A,,,,
2023,10,,,2023-10--0,#N/A,,,,
2023,10,,,2023-10--0,#N/A,,,,
2023,10,,,2023-10--0,#N/A,,,,
2023,10,,,2023-10--0,#N/A,,,,
2023,10,,,2023-10--0,#N/A,,,,
2023,10,,,2023-10--0,#N/A,,,,
2023,11,,,2023-11--0,#N/A,,,,
2023,11,,,2023-11--0,#N/A,,,,
2023,11,,,2023-11--0,#N/A,,,,
2023,11,,,2023-11--0,#N/A,,,,
2023,11,,,2023-11--0,#N/A,,,,
2023,11,,,2023-11--0,#N/A,,,,
2023,11,,,2023-11--0,#N/A,,,,
2023,11,,,2023-11--0,#N/A,,,,
2023,11,,,2023-11--0,#N/A,,,,
2023,11,,,2023-11--0,#N/A,,,,
2023,11,,,2023-11--0,#N/A,,,,
2023,11,,,2023-11--0,#N/A,,,,
2023,11,,,2023-11--0,#N/A,,,,
2023,11,,,2023-11--0,#N/A,,,,
2023,11,,,2023-11--0,#N/A,,,,
2023,11,,,2023-11--0,#N/A,,,,
2023,11,,,2023-11--0,#N/A,,,,
2023,11,,,2023-11--0,#N/A,,,,
2023,11,,,2023-11--0,#N/A,,,,
2023,11,,,2023-11--0,#N/A,,,,
2023,11,,,2023-11--0,#N/A,,,,
2023,11,,,2023-11--0,#N/A,,,,
2023,11,,,2023-11--0,#N/A,,,,
2023,11,,,2023-11--0,#N/A,,,,
2023,12,,,2023-12--0,#N/A,,,,
2023,12,,,2023-12--0,#N/A,,,,
2023,12,,,2023-12--0,#N/A,,,,
2023,12,,,2023-12--0,#N/A,,,,
2023,12,,,2023-12--0,#N/A,,,,
2023,12,,,2023-12--0,#N/A,,,,
2023,12,,,2023-12--0,#N/A,,,,
2023,12,,,2023-12--0,#N/A,,,,
2023,12,,,2023-12--0,#N/A,,,,
2023,12,,,2023-12--0,#N/A,,,,
2023,12,,,2023-12--0,#N/A,,,,
2023,12,,,2023-12--0,#N/A,,,,
2023,12,,,2023-12--0,#N/A,,,,
2023,12,,,2023-12--0,#N/A,,,,
2023,12,,,2023-12--0,#N/A,,,,
2023,12,,,2023-12--0,#N/A,,,,
2023,12,,,2023-12--0,#N/A,,,,
2023,12,,,2023-12--0,#N/A,,,,
2023,12,,,2023-12--0,#N/A,,,,
2023,12,,,2023-12--0,#N/A,,,,
2023,12,,,2023-12--0,#N/A,,,,
2023,12,,,2023-12--0,#N/A,,,,
2023,12,,,2023-12--0,#N/A,,,,
2023,12,,,2023-12--0,#N/A,,,,
2023,13,,,2023-13--0,#N/A,,,,
2023,13,,,2023-13--0,#N/A,,,,
2023,13,,,2023-13--0,#N/A,,,,
2023,13,,,2023-13--0,#N/A,,,,
2023,13,,,2023-13--0,#N/A,,,,
2023,13,,,2023-13--0,#N/A,,,,
2023,13,,,2023-13--0,#N/A,,,,
2023,13,,,2023-13--0,#N/A,,,,
2023,13,,,2023-13--0,#N/A,,,,
2023,13,,,2023-13--0,#N/A,,,,
2023,13,,,2023-13--0,#N/A,,,,
2023,13,,,2023-13--0,#N/A,,,,
2023,13,,,2023-13--0,#N/A,,,,
2023,13,,,2023-13--0,#N/A,,,,
2023,13,,,2023-13--0,#N/A,,,,
2023,13,,,2023-13--0,#N/A,,,,
2023,13,,,2023-13--0,#N/A,,,,
2023,13,,,2023-13--0,#N/A,,,,
2023,13,,,2023-13--0,#N/A,,,,
2023,13,,,2023-13--0,#N/A,,,,
2023,13,,,2023-13--0,#N/A,,,,
2023,13,,,2023-13--0,#N/A,,,,
2023,13,,,2023-13--0,#N/A,,,,
2023,13,,,2023-13--0,#N/A,,,,
2023,14,,,2023-14--0,#N/A,,,,
2023,14,,,2023-14--0,#N/A,,,,
2023,14,,,2023-14--0,#N/A,,,,
2023,14,,,2023-14--0,#N/A,,,,
2023,14,,,2023-14--0,#N/A,,,,
2023,14,,,2023-14--0,#N/A,,,,
2023,14,,,2023-14--0,#N/A,,,,
2023,14,,,2023-14--0,#N/A,,,,
2023,14,,,2023-14--0,#N/A,,,,
2023,14,,,2023-14--0,#N/A,,,,
2023,14,,,2023-14--0,#N/A,,,,
2023,14,,,2023-14--0,#N/A,,,,
2023,14,,,2023-14--0,#N/A,,,,
2023,14,,,2023-14--0,#N/A,,,,
2023,14,,,2023-14--0,#N/A,,,,
2023,14,,,2023-14--0,#N/A,,,,
2023,14,,,2023-14--0,#N/A,,,,
2023,14,,,2023-14--0,#N/A,,,,
2023,14,,,2023-14--0,#N/A,,,,
2023,14,,,2023-14--0,#N/A,,,,
2023,14,,,2023-14--0,#N/A,,,,
2023,14,,,2023-14--0,#N/A,,,,
2023,14,,,2023-14--0,#N/A,,,,
2023,14,,,2023-14--0,#N/A,,,,
2023,15,,,2023-15--0,#N/A,,,,
2023,15,,,2023-15--0,#N/A,,,,
2023,15,,,2023-15--0,#N/A,,,,
2023,15,,,2023-15--0,#N/A,,,,
2023,15,,,2023-15--0,#N/A,,,,
2023,15,,,2023-15--0,#N/A,,,,
2023,15,,,2023-15--0,#N/A,,,,
2023,15,,,2023-15--0,#N/A,,,,
2023,15,,,2023-15--0,#N/A,,,,
2023,15,,,2023-15--0,#N/A,,,,
2023,15,,,2023-15--0,#N/A,,,,
2023,15,,,2023-15--0,#N/A,,,,
2023,15,,,2023-15--0,#N/A,,,,
2023,15,,,2023-15--0,#N/A,,,,
2023,15,,,2023-15--0,#N/A,,,,
2023,15,,,2023-15--0,#N/A,,,,
2023,15,,,2023-15--0,#N/A,,,,
2023,15,,,2023-15--0,#N/A,,,,
2023,15,,,2023-15--0,#N/A,,,,
2023,15,,,2023-15--0,#N/A,,,,
2023,15,,,2023-15--0,#N/A,,,,
2023,15,,,2023-15--0,#N/A,,,,
2023,15,,,2023-15--0,#N/A,,,,
2023,15,,,2023-15--0,#N/A,,,,
2023,16,,,2023-16--0,#N/A,,,,
2023,16,,,2023-16--0,#N/A,,,,
2023,16,,,2023-16--0,#N/A,,,,
2023,16,,,2023-16--0,#N/A,,,,
2023,16,,,2023-16--0,#N/A,,,,
2023,16,,,2023-16--0,#N/A,,,,
2023,16,,,2023-16--0,#N/A,,,,
2023,16,,,2023-16--0,#N/A,,,,
2023,16,,,2023-16--0,#N/A,,,,
2023,16,,,2023-16--0,#N/A,,,,
2023,16,,,2023-16--0,#N/A,,,,
2023,16,,,2023-16--0,#N/A,,,,
2023,16,,,2023-16--0,#N/A,,,,
2023,16,,,2023-16--0,#N/A,,,,
2023,16,,,2023-16--0,#N/A,,,,
2023,16,,,2023-16--0,#N/A,,,,
2023,16,,,2023-16--0,#N/A,,,,
2023,16,,,2023-16--0,#N/A,,,,
2023,16,,,2023-16--0,#N/A,,,,
2023,16,,,2023-16--0,#N/A,,,,
2023,16,,,2023-16--0,#N/A,,,,
2023,16,,,2023-16--0,#N/A,,,,
2023,16,,,2023-16--0,#N/A,,,,
2023,16,,,2023-16--0,#N/A,,,,
2023,17,,,2023-17--0,#N/A,,,,
2023,17,,,2023-17--0,#N/A,,,,
2023,17,,,2023-17--0,#N/A,,,,
2023,17,,,2023-17--0,#N/A,,,,
2023,17,,,2023-17--0,#N/A,,,,
2023,17,,,2023-17--0,#N/A,,,,
2023,17,,,2023-17--0,#N/A,,,,
2023,17,,,2023-17--0,#N/A,,,,
2023,17,,,2023-17--0,#N/A,,,,
2023,17,,,2023-17--0,#N/A,,,,
2023,17,,,2023-17--0,#N/A,,,,
2023,17,,,2023-17--0,#N/A,,,,
2023,17,,,2023-17--0,#N/A,,,,
2023,17,,,2023-17--0,#N/A,,,,
2023,17,,,2023-17--0,#N/A,,,,
2023,17,,,2023-17--0,#N/A,,,,
2023,17,,,2023-17--0,#N/A,,,,
2023,17,,,2023-17--0,#N/A,,,,
2023,17,,,2023-17--0,#N/A,,,,
2023,17,,,2023-17--0,#N/A,,,,
2023,17,,,2023-17--0,#N/A,,,,
2023,17,,,2023-17--0,#N/A,,,,
2023,17,,,2023-17--0,#N/A,,,,
2023,17,,,2023-17--0,#N/A,,,,
2023,18,,,2023-18--0,#N/A,,,,
2023,18,,,2023-18--0,#N/A,,,,
2023,18,,,2023-18--0,#N/A,,,,
2023,18,,,2023-18--0,#N/A,,,,
2023,18,,,2023-18--0,#N/A,,,,
2023,18,,,2023-18--0,#N/A,,,,
2023,18,,,2023-18--0,#N/A,,,,
2023,18,,,2023-18--0,#N/A,,,,
2023,18,,,2023-18--0,#N/A,,,,
2023,18,,,2023-18--0,#N/A,,,,
2023,18,,,2023-18--0,#N/A,,,,
2023,18,,,2023-18--0,#N/A,,,,
2023,18,,,2023-18--0,#N/A,,,,
2023,18,,,2023-18--0,#N/A,,,,
2023,18,,,2023-18--0,#N/A,,,,
2023,18,,,2023-18--0,#N/A,,,,
2023,18,,,2023-18--0,#N/A,,,,
2023,18,,,2023-18--0,#N/A,,,,
2023,18,,,2023-18--0,#N/A,,,,
2023,18,,,2023-18--0,#N/A,,,,
2023,18,,,2023-18--0,#N/A,,,,
2023,18,,,2023-18--0,#N/A,,,,
2023,18,,,2023-18--0,#N/A,,,,
2023,18,,,2023-18--0,#N/A,,,,
2023,2,,,2023-2--0,#N/A,,,,
2023,2,,,2023-2--0,#N/A,,,,
2023,2,,,2023-2--0,#N/A,,,,
2023,2,,,2023-2--0,#N/A,,,,
2023,2,,,2023-2--0,#N/A,,,,
2023,2,,,2023-2--0,#N/A,,,,
2023,2,,,2023-2--0,#N/A,,,,
2023,2,,,2023-2--0,#N/A,,,,
2023,2,,,2023-2--0,#N/A,,,,
2023,2,,,2023-2--0,#N/A,,,,
2023,2,,,2023-2--0,#N/A,,,,
2023,2,,,2023-2--0,#N/A,,,,
2023,2,,,2023-2--0,#N/A,,,,
2023,2,,,2023-2--0,#N/A,,,,
2023,2,,,2023-2--0,#N/A,,,,
2023,2,,,2023-2--0,#N/A,,,,
2023,2,,,2023-2--0,#N/A,,,,
2023,2,,,2023-2--0,#N/A,,,,
2023,2,,,2023-2--0,#N/A,,,,
2023,2,,,2023-2--0,#N/A,,,,
2023,2,,,2023-2--0,#N/A,,,,
2023,2,,,2023-2--0,#N/A,,,,
2023,2,,,2023-2--0,#N/A,,,,
2023,2,,,2023-2--0,#N/A,,,,
2023,3,,,2023-3--0,#N/A,,,,
2023,3,,,2023-3--0,#N/A,,,,
2023,3,,,2023-3--0,#N/A,,,,
2023,3,,,2023-3--0,#N/A,,,,
2023,3,,,2023-3--0,#N/A,,,,
2023,3,,,2023-3--0,#N/A,,,,
2023,3,,,2023-3--0,#N/A,,,,
2023,3,,,2023-3--0,#N/A,,,,
2023,3,,,2023-3--0,#N/A,,,,
2023,3,,,2023-3--0,#N/A,,,,
2023,3,,,2023-3--0,#N/A,,,,
2023,3,,,2023-3--0,#N/A,,,,
2023,3,,,2023-3--0,#N/A,,,,
2023,3,,,2023-3--0,#N/A,,,,
2023,3,,,2023-3--0,#N/A,,,,
2023,3,,,2023-3--0,#N/A,,,,
2023,3,,,2023-3--0,#N/A,,,,
2023,3,,,2023-3--0,#N/A,,,,
2023,3,,,2023-3--0,#N/A,,,,
2023,3,,,2023-3--0,#N/A,,,,
2023,3,,,2023-3--0,#N/A,,,,
2023,3,,,2023-3--0,#N/A,,,,
2023,3,,,2023-3--0,#N/A,,,,
2023,3,,,2023-3--0,#N/A,,,,
2023,4,,,2023-4--0,#N/A,,,,
2023,4,,,2023-4--0,#N/A,,,,
2023,4,,,2023-4--0,#N/A,,,,
2023,4,,,2023-4--0,#N/A,,,,
2023,4,,,2023-4--0,#N/A,,,,
2023,4,,,2023-4--0,#N/A,,,,
2023,4,,,2023-4--0,#N/A,,,,
2023,4,,,2023-4--0,#N/A,,,,
2023,4,,,2023-4--0,#N/A,,,,
2023,4,,,2023-4--0,#N/A,,,,
2023,4,,,2023-4--0,#N/A,,,,
2023,4,,,2023-4--0,#N/A,,,,
2023,4,,,2023-4--0,#N/A,,,,
2023,4,,,2023-4--0,#N/A,,,,
2023,4,,,2023-4--0,#N/A,,,,
2023,4,,,2023-4--0,#N/A,,,,
2023,4,,,2023-4--0,#N/A,,,,
2023,4,,,2023-4--0,#N/A,,,,
2023,4,,,2023-4--0,#N/A,,,,
2023,4,,,2023-4--0,#N/A,,,,
2023,4,,,2023-4--0,#N/A,,,,
2023,4,,,2023-4--0,#N/A,,,,
2023,4,,,2023-4--0,#N/A,,,,
2023,4,,,2023-4--0,#N/A,,,,
2023,5,,,2023-5--0,#N/A,,,,
2023,5,,,2023-5--0,#N/A,,,,
2023,5,,,2023-5--0,#N/A,,,,
2023,5,,,2023-5--0,#N/A,,,,
2023,5,,,2023-5--0,#N/A,,,,
2023,5,,,2023-5--0,#N/A,,,,
2023,5,,,2023-5--0,#N/A,,,,
2023,5,,,2023-5--0,#N/A,,,,
2023,5,,,2023-5--0,#N/A,,,,
2023,5,,,2023-5--0,#N/A,,,,
2023,5,,,2023-5--0,#N/A,,,,
2023,5,,,2023-5--0,#N/A,,,,
2023,5,,,2023-5--0,#N/A,,,,
2023,5,,,2023-5--0,#N/A,,,,
2023,5,,,2023-5--0,#N/A,,,,
2023,5,,,2023-5--0,#N/A,,,,
2023,5,,,2023-5--0,#N/A,,,,
2023,5,,,2023-5--0,#N/A,,,,
2023,5,,,2023-5--0,#N/A,,,,
2023,5,,,2023-5--0,#N/A,,,,
2023,5,,,2023-5--0,#N/A,,,,
2023,5,,,2023-5--0,#N/A,,,,
2023,5,,,2023-5--0,#N/A,,,,
2023,5,,,2023-5--0,#N/A,,,,
2023,6,,,2023-6--0,#N/A,,,,
2023,6,,,2023-6--0,#N/A,,,,
2023,6,,,2023-6--0,#N/A,,,,
2023,6,,,2023-6--0,#N/A,,,,
2023,6,,,2023-6--0,#N/A,,,,
2023,6,,,2023-6--0,#N/A,,,,
2023,6,,,2023-6--0,#N/A,,,,
2023,6,,,2023-6--0,#N/A,,,,
2023,6,,,2023-6--0,#N/A,,,,
2023,6,,,2023-6--0,#N/A,,,,
2023,6,,,2023-6--0,#N/A,,,,
2023,6,,,2023-6--0,#N/A,,,,
2023,6,,,2023-6--0,#N/A,,,,
2023,6,,,2023-6--0,#N/A,,,,
2023,6,,,2023-6--0,#N/A,,,,
2023,6,,,2023-6--0,#N/A,,,,
2023,6,,,2023-6--0,#N/A,,,,
2023,6,,,2023-6--0,#N/A,,,,
2023,6,,,2023-6--0,#N/A,,,,
2023,6,,,2023-6--0,#N/A,,,,
2023,6,,,2023-6--0,#N/A,,,,
2023,6,,,2023-6--0,#N/A,,,,
2023,6,,,2023-6--0,#N/A,,,,
2023,6,,,2023-6--0,#N/A,,,,
2023,7,,,2023-7--0,#N/A,,,,
2023,7,,,2023-7--0,#N/A,,,,
2023,7,,,2023-7--0,#N/A,,,,
2023,7,,,2023-7--0,#N/A,,,,
2023,7,,,2023-7--0,#N/A,,,,
2023,7,,,2023-7--0,#N/A,,,,
2023,7,,,2023-7--0,#N/A,,,,
2023,7,,,2023-7--0,#N/A,,,,
2023,7,,,2023-7--0,#N/A,,,,
2023,7,,,2023-7--0,#N/A,,,,
2023,7,,,2023-7--0,#N/A,,,,
2023,7,,,2023-7--0,#N/A,,,,
2023,7,,,2023-7--0,#N/A,,,,
2023,7,,,2023-7--0,#N/A,,,,
2023,7,,,2023-7--0,#N/A,,,,
2023,7,,,2023-7--0,#N/A,,,,
2023,7,,,2023-7--0,#N/A,,,,
2023,7,,,2023-7--0,#N/A,,,,
2023,7,,,2023-7--0,#N/A,,,,
2023,7,,,2023-7--0,#N/A,,,,
2023,7,,,2023-7--0,#N/A,,,,
2023,7,,,2023-7--0,#N/A,,,,
2023,7,,,2023-7--0,#N/A,,,,
2023,7,,,2023-7--0,#N/A,,,,
2023,8,,,2023-8--0,#N/A,,,,
2023,8,,,2023-8--0,#N/A,,,,
2023,8,,,2023-8--0,#N/A,,,,
2023,8,,,2023-8--0,#N/A,,,,
2023,8,,,2023-8--0,#N/A,,,,
2023,8,,,2023-8--0,#N/A,,,,
2023,8,,,2023-8--0,#N/A,,,,
2023,8,,,2023-8--0,#N/A,,,,
2023,8,,,2023-8--0,#N/A,,,,
2023,8,,,2023-8--0,#N/A,,,,
2023,8,,,2023-8--0,#N/A,,,,
2023,8,,,2023-8--0,#N/A,,,,
2023,8,,,2023-8--0,#N/A,,,,
2023,8,,,2023-8--0,#N/A,,,,
2023,8,,,2023-8--0,#N/A,,,,
2023,8,,,2023-8--0,#N/A,,,,
2023,8,,,2023-8--0,#N/A,,,,
2023,8,,,2023-8--0,#N/A,,,,
2023,8,,,2023-8--0,#N/A,,,,
2023,8,,,2023-8--0,#N/A,,,,
2023,8,,,2023-8--0,#N/A,,,,
2023,8,,,2023-8--0,#N/A,,,,
2023,8,,,2023-8--0,#N/A,,,,
2023,8,,,2023-8--0,#N/A,,,,
2023,9,,,2023-9--0,#N/A,,,,
2023,9,,,2023-9--0,#N/A,,,,
2023,9,,,2023-9--0,#N/A,,,,
2023,9,,,2023-9--0,#N/A,,,,
2023,9,,,2023-9--0,#N/A,,,,
2023,9,,,2023-9--0,#N/A,,,,
2023,9,,,2023-9--0,#N/A,,,,
2023,9,,,2023-9--0,#N/A,,,,
2023,9,,,2023-9--0,#N/A,,,,
2023,9,,,2023-9--0,#N/A,,,,
2023,9,,,2023-9--0,#N/A,,,,
2023,9,,,2023-9--0,#N/A,,,,
2023,9,,,2023-9--0,#N/A,,,,
2023,9,,,2023-9--0,#N/A,,,,
2023,9,,,2023-9--0,#N/A,,,,
2023,9,,,2023-9--0,#N/A,,,,
2023,9,,,2023-9--0,#N/A,,,,
2023,9,,,2023-9--0,#N/A,,,,
2023,9,,,2023-9--0,#N/A,,,,
2023,9,,,2023-9--0,#N/A,,,,
2023,9,,,2023-9--0,#N/A,,,,
2023,9,,,2023-9--0,#N/A,,,,
2023,9,,,2023-9--0,#N/A,,,,
2023,9,,,2023-9--0,#N/A,,,,
2024,1,,,2024-1--0,#N/A,,,,
2024,1,,,2024-1--0,#N/A,,,,
2024,1,,,2024-1--0,#N/A,,,,
2024,1,,,2024-1--0,#N/A,,,,
2024,1,,,2024-1--0,#N/A,,,,
2024,1,,,2024-1--0,#N/A,,,,
2024,1,,,2024-1--0,#N/A,,,,
2024,1,,,2024-1--0,#N/A,,,,
2024,1,,,2024-1--0,#N/A,,,,
2024,1,,,2024-1--0,#N/A,,,,
2024,1,,,2024-1--0,#N/A,,,,
2024,1,,,2024-1--0,#N/A,,,,
2024,1,,,2024-1--0,#N/A,,,,
2024,1,,,2024-1--0,#N/A,,,,
2024,1,,,2024-1--0,#N/A,,,,
2024,1,,,2024-1--0,#N/A,,,,
2024,1,,,2024-1--0,#N/A,,,,
2024,1,,,2024-1--0,#N/A,,,,
2024,1,,,2024-1--0,#N/A,,,,
2024,1,,,2024-1--0,#N/A,,,,
2024,1,,,2024-1--0,#N/A,,,,
2024,1,,,2024-1--0,#N/A,,,,
2024,1,,,2024-1--0,#N/A,,,,
2024,1,,,2024-1--0,#N/A,,,,
2024,10,,,2024-10--0,#N/A,,,,
2024,10,,,2024-10--0,#N/A,,,,
2024,10,,,2024-10--0,#N/A,,,,
2024,10,,,2024-10--0,#N/A,,,,
2024,10,,,2024-10--0,#N/A,,,,
2024,10,,,2024-10--0,#N/A,,,,
2024,10,,,2024-10--0,#N/A,,,,
2024,10,,,2024-10--0,#N/A,,,,
2024,10,,,2024-10--0,#N/A,,,,
2024,10,,,2024-10--0,#N/A,,,,
2024,10,,,2024-10--0,#N/A,,,,
2024,10,,,2024-10--0,#N/A,,,,
2024,10,,,2024-10--0,#N/A,,,,
2024,10,,,2024-10--0,#N/A,,,,
2024,10,,,2024-10--0,#N/A,,,,
2024,10,,,2024-10--0,#N/A,,,,
2024,10,,,2024-10--0,#N/A,,,,
2024,10,,,2024-10--0,#N/A,,,,
2024,10,,,2024-10--0,#N/A,,,,
2024,10,,,2024-10--0,#N/A,,,,
2024,10,,,2024-10--0,#N/A,,,,
2024,10,,,2024-10--0,#N/A,,,,
2024,10,,,2024-10--0,#N/A,,,,
2024,10,,,2024-10--0,#N/A,,,,
2024,11,,,2024-11--0,#N/A,,,,
2024,11,,,2024-11--0,#N/A,,,,
2024,11,,,2024-11--0,#N/A,,,,
2024,11,,,2024-11--0,#N/A,,,,
2024,11,,,2024-11--0,#N/A,,,,
2024,11,,,2024-11--0,#N/A,,,,
2024,11,,,2024-11--0,#N/A,,,,
2024,11,,,2024-11--0,#N/A,,,,
2024,11,,,2024-11--0,#N/A,,,,
2024,11,,,2024-11--0,#N/A,,,,
2024,11,,,2024-11--0,#N/A,,,,
2024,11,,,2024-11--0,#N/A,,,,
2024,11,,,2024-11--0,#N/A,,,,
2024,11,,,2024-11--0,#N/A,,,,
2024,11,,,2024-11--0,#N/A,,,,
2024,11,,,2024-11--0,#N/A,,,,
2024,11,,,2024-11--0,#N/A,,,,
2024,11,,,2024-11--0,#N/A,,,,
2024,11,,,2024-11--0,#N/A,,,,
2024,11,,,2024-11--0,#N/A,,,,
2024,11,,,2024-11--0,#N/A,,,,
2024,11,,,2024-11--0,#N/A,,,,
2024,11,,,2024-11--0,#N/A,,,,
2024,11,,,2024-11--0,#N/A,,,,
2024,12,,,2024-12--0,#N/A,,,,
2024,12,,,2024-12--0,#N/A,,,,
2024,12,,,2024-12--0,#N/A,,,,
2024,12,,,2024-12--0,#N/A,,,,
2024,12,,,2024-12--0,#N/A,,,,
2024,12,,,2024-12--0,#N/A,,,,
2024,12,,,2024-12--0,#N/A,,,,
2024,12,,,2024-12--0,#N/A,,,,
2024,12,,,2024-12--0,#N/A,,,,
2024,12,,,2024-12--0,#N/A,,,,
2024,12,,,2024-12--0,#N/A,,,,
2024,12,,,2024-12--0,#N/A,,,,
2024,12,,,2024-12--0,#N/A,,,,
2024,12,,,2024-12--0,#N/A,,,,
2024,12,,,2024-12--0,#N/A,,,,
2024,12,,,2024-12--0,#N/A,,,,
2024,12,,,2024-12--0,#N/A,,,,
2024,12,,,2024-12--0,#N/A,,,,
2024,12,,,2024-12--0,#N/A,,,,
2024,12,,,2024-12--0,#N/A,,,,
2024,12,,,2024-12--0,#N/A,,,,
2024,12,,,2024-12--0,#N/A,,,,
2024,12,,,2024-12--0,#N/A,,,,
2024,12,,,2024-12--0,#N/A,,,,
2024,13,,,2024-13--0,#N/A,,,,
2024,13,,,2024-13--0,#N/A,,,,
2024,13,,,2024-13--0,#N/A,,,,
2024,13,,,2024-13--0,#N/A,,,,
2024,13,,,2024-13--0,#N/A,,,,
2024,13,,,2024-13--0,#N/A,,,,
2024,13,,,2024-13--0,#N/A,,,,
2024,13,,,2024-13--0,#N/A,,,,
2024,13,,,2024-13--0,#N/A,,,,
2024,13,,,2024-13--0,#N/A,,,,
2024,13,,,2024-13--0,#N/A,,,,
2024,13,,,2024-13--0,#N/A,,,,
2024,13,,,2024-13--0,#N/A,,,,
2024,13,,,2024-13--0,#N/A,,,,
2024,13,,,2024-13--0,#N/A,,,,
2024,13,,,2024-13--0,#N/A,,,,
2024,13,,,2024-13--0,#N/A,,,,
2024,13,,,2024-13--0,#N/A,,,,
2024,13,,,2024-13--0,#N/A,,,,
2024,13,,,2024-13--0,#N/A,,,,
2024,13,,,2024-13--0,#N/A,,,,
2024,13,,,2024-13--0,#N/A,,,,
2024,13,,,2024-13--0,#N/A,,,,
2024,13,,,2024-13--0,#N/A,,,,
2024,14,,,2024-14--0,#N/A,,,,
2024,14,,,2024-14--0,#N/A,,,,
2024,14,,,2024-14--0,#N/A,,,,
2024,14,,,2024-14--0,#N/A,,,,
2024,14,,,2024-14--0,#N/A,,,,
2024,14,,,2024-14--0,#N/A,,,,
2024,14,,,2024-14--0,#N/A,,,,
2024,14,,,2024-14--0,#N/A,,,,
2024,14,,,2024-14--0,#N/A,,,,
2024,14,,,2024-14--0,#N/A,,,,
2024,14,,,2024-14--0,#N/A,,,,
2024,14,,,2024-14--0,#N/A,,,,
2024,14,,,2024-14--0,#N/A,,,,
2024,14,,,2024-14--0,#N/A,,,,
2024,14,,,2024-14--0,#N/A,,,,
2024,14,,,2024-14--0,#N/A,,,,
2024,14,,,2024-14--0,#N/A,,,,
2024,14,,,2024-14--0,#N/A,,,,
2024,14,,,2024-14--0,#N/A,,,,
2024,14,,,2024-14--0,#N/A,,,,
2024,14,,,2024-14--0,#N/A,,,,
2024,14,,,2024-14--0,#N/A,,,,
2024,14,,,2024-14--0,#N/A,,,,
2024,14,,,2024-14--0,#N/A,,,,
2024,15,,,2024-15--0,#N/A,,,,
2024,15,,,2024-15--0,#N/A,,,,
2024,15,,,2024-15--0,#N/A,,,,
2024,15,,,2024-15--0,#N/A,,,,
2024,15,,,2024-15--0,#N/A,,,,
2024,15,,,2024-15--0,#N/A,,,,
2024,15,,,2024-15--0,#N/A,,,,
2024,15,,,2024-15--0,#N/A,,,,
2024,15,,,2024-15--0,#N/A,,,,
2024,15,,,2024-15--0,#N/A,,,,
2024,15,,,2024-15--0,#N/A,,,,
2024,15,,,2024-15--0,#N/A,,,,
2024,15,,,2024-15--0,#N/A,,,,
2024,15,,,2024-15--0,#N/A,,,,
2024,15,,,2024-15--0,#N/A,,,,
2024,15,,,2024-15--0,#N/A,,,,
2024,15,,,2024-15--0,#N/A,,,,
2024,15,,,2024-15--0,#N/A,,,,
2024,15,,,2024-15--0,#N/A,,,,
2024,15,,,2024-15--0,#N/A,,,,
2024,15,,,2024-15--0,#N/A,,,,
2024,15,,,2024-15--0,#N/A,,,,
2024,15,,,2024-15--0,#N/A,,,,
2024,15,,,2024-15--0,#N/A,,,,
2024,16,,,2024-16--0,#N/A,,,,
2024,16,,,2024-16--0,#N/A,,,,
2024,16,,,2024-16--0,#N/A,,,,
2024,16,,,2024-16--0,#N/A,,,,
2024,16,,,2024-16--0,#N/A,,,,
2024,16,,,2024-16--0,#N/A,,,,
2024,16,,,2024-16--0,#N/A,,,,
2024,16,,,2024-16--0,#N/A,,,,
2024,16,,,2024-16--0,#N/A,,,,
2024,16,,,2024-16--0,#N/A,,,,
2024,16,,,2024-16--0,#N/A,,,,
2024,16,,,2024-16--0,#N/A,,,,
2024,16,,,2024-16--0,#N/A,,,,
2024,16,,,2024-16--0,#N/A,,,,
2024,16,,,2024-16--0,#N/A,,,,
2024,16,,,2024-16--0,#N/A,,,,
2024,16,,,2024-16--0,#N/A,,,,
2024,16,,,2024-16--0,#N/A,,,,
2024,16,,,2024-16--0,#N/A,,,,
2024,16,,,2024-16--0,#N/A,,,,
2024,16,,,2024-16--0,#N/A,,,,
2024,16,,,2024-16--0,#N/A,,,,
2024,16,,,2024-16--0,#N/A,,,,
2024,16,,,2024-16--0,#N/A,,,,
2024,17,,,2024-17--0,#N/A,,,,
2024,17,,,2024-17--0,#N/A,,,,
2024,17,,,2024-17--0,#N/A,,,,
2024,17,,,2024-17--0,#N/A,,,,
2024,17,,,2024-17--0,#N/A,,,,
2024,17,,,2024-17--0,#N/A,,,,
2024,17,,,2024-17--0,#N/A,,,,
2024,17,,,2024-17--0,#N/A,,,,
2024,17,,,2024-17--0,#N/A,,,,
2024,17,,,2024-17--0,#N/A,,,,
2024,17,,,2024-17--0,#N/A,,,,
2024,17,,,2024-17--0,#N/A,,,,
2024,17,,,2024-17--0,#N/A,,,,
2024,17,,,2024-17--0,#N/A,,,,
2024,17,,,2024-17--0,#N/A,,,,
2024,17,,,2024-17--0,#N/A,,,,
2024,17,,,2024-17--0,#N/A,,,,
2024,17,,,2024-17--0,#N/A,,,,
2024,17,,,2024-17--0,#N/A,,,,
2024,17,,,2024-17--0,#N/A,,,,
2024,17,,,2024-17--0,#N/A,,,,
2024,17,,,2024-17--0,#N/A,,,,
2024,17,,,2024-17--0,#N/A,,,,
2024,17,,,2024-17--0,#N/A,,,,
2024,18,,,2024-18--0,#N/A,,,,
2024,18,,,2024-18--0,#N/A,,,,
2024,18,,,2024-18--0,#N/A,,,,
2024,18,,,2024-18--0,#N/A,,,,
2024,18,,,2024-18--0,#N/A,,,,
2024,18,,,2024-18--0,#N/A,,,,
2024,18,,,2024-18--0,#N/A,,,,
2024,18,,,2024-18--0,#N/A,,,,
2024,18,,,2024-18--0,#N/A,,,,
2024,18,,,2024-18--0,#N/A,,,,
2024,18,,,2024-18--0,#N/A,,,,
2024,18,,,2024-18--0,#N/A,,,,
2024,18,,,2024-18--0,#N/A,,,,
2024,18,,,2024-18--0,#N/A,,,,
2024,18,,,2024-18--0,#N/A,,,,
2024,18,,,2024-18--0,#N/A,,,,
2024,18,,,2024-18--0,#N/A,,,,
2024,18,,,2024-18--0,#N/A,,,,
2024,18,,,2024-18--0,#N/A,,,,
2024,18,,,2024-18--0,#N/A,,,,
2024,18,,,2024-18--0,#N/A,,,,
2024,18,,,2024-18--0,#N/A,,,,
2024,18,,,2024-18--0,#N/A,,,,
2024,18,,,2024-18--0,#N/A,,,,
2024,2,,,2024-2--0,#N/A,,,,
2024,2,,,2024-2--0,#N/A,,,,
2024,2,,,2024-2--0,#N/A,,,,
2024,2,,,2024-2--0,#N/A,,,,
2024,2,,,2024-2--0,#N/A,,,,
2024,2,,,2024-2--0,#N/A,,,,
2024,2,,,2024-2--0,#N/A,,,,
2024,2,,,2024-2--0,#N/A,,,,
2024,2,,,2024-2--0,#N/A,,,,
2024,2,,,2024-2--0,#N/A,,,,
2024,2,,,2024-2--0,#N/A,,,,
2024,2,,,2024-2--0,#N/A,,,,
2024,2,,,2024-2--0,#N/A,,,,
2024,2,,,2024-2--0,#N/A,,,,
2024,2,,,2024-2--0,#N/A,,,,
2024,2,,,2024-2--0,#N/A,,,,
2024,2,,,2024-2--0,#N/A,,,,
2024,2,,,2024-2--0,#N/A,,,,
2024,2,,,2024-2--0,#N/A,,,,
2024,2,,,2024-2--0,#N/A,,,,
2024,2,,,2024-2--0,#N/A,,,,
2024,2,,,2024-2--0,#N/A,,,,
2024,2,,,2024-2--0,#N/A,,,,
2024,2,,,2024-2--0,#N/A,,,,
2024,3,,,2024-3--0,#N/A,,,,
2024,3,,,2024-3--0,#N/A,,,,
2024,3,,,2024-3--0,#N/A,,,,
2024,3,,,2024-3--0,#N/A,,,,
2024,3,,,2024-3--0,#N/A,,,,
2024,3,,,2024-3--0,#N/A,,,,
2024,3,,,2024-3--0,#N/A,,,,
2024,3,,,2024-3--0,#N/A,,,,
2024,3,,,2024-3--0,#N/A,,,,
2024,3,,,2024-3--0,#N/A,,,,
2024,3,,,2024-3--0,#N/A,,,,
2024,3,,,2024-3--0,#N/A,,,,
2024,3,,,2024-3--0,#N/A,,,,
2024,3,,,2024-3--0,#N/A,,,,
2024,3,,,2024-3--0,#N/A,,,,
2024,3,,,2024-3--0,#N/A,,,,
2024,3,,,2024-3--0,#N/A,,,,
2024,3,,,2024-3--0,#N/A,,,,
2024,3,,,2024-3--0,#N/A,,,,
2024,3,,,2024-3--0,#N/A,,,,
2024,3,,,2024-3--0,#N/A,,,,
2024,3,,,2024-3--0,#N/A,,,,
2024,3,,,2024-3--0,#N/A,,,,
2024,3,,,2024-3--0,#N/A,,,,
2024,4,,,2024-4--0,#N/A,,,,
2024,4,,,2024-4--0,#N/A,,,,
2024,4,,,2024-4--0,#N/A,,,,
2024,4,,,2024-4--0,#N/A,,,,
2024,4,,,2024-4--0,#N/A,,,,
2024,4,,,2024-4--0,#N/A,,,,
2024,4,,,2024-4--0,#N/A,,,,
2024,4,,,2024-4--0,#N/A,,,,
2024,4,,,2024-4--0,#N/A,,,,
2024,4,,,2024-4--0,#N/A,,,,
2024,4,,,2024-4--0,#N/A,,,,
2024,4,,,2024-4--0,#N/A,,,,
2024,4,,,2024-4--0,#N/A,,,,
2024,4,,,2024-4--0,#N/A,,,,
2024,4,,,2024-4--0,#N/A,,,,
2024,4,,,2024-4--0,#N/A,,,,
2024,4,,,2024-4--0,#N/A,,,,
2024,4,,,2024-4--0,#N/A,,,,
2024,4,,,2024-4--0,#N/A,,,,
2024,4,,,2024-4--0,#N/A,,,,
2024,4,,,2024-4--0,#N/A,,,,
2024,4,,,2024-4--0,#N/A,,,,
2024,4,,,2024-4--0,#N/A,,,,
2024,4,,,2024-4--0,#N/A,,,,
2024,5,,,2024-5--0,#N/A,,,,
2024,5,,,2024-5--0,#N/A,,,,
2024,5,,,2024-5--0,#N/A,,,,
2024,5,,,2024-5--0,#N/A,,,,
2024,5,,,2024-5--0,#N/A,,,,
2024,5,,,2024-5--0,#N/A,,,,
2024,5,,,2024-5--0,#N/A,,,,
2024,5,,,2024-5--0,#N/A,,,,
2024,5,,,2024-5--0,#N/A,,,,
2024,5,,,2024-5--0,#N/A,,,,
2024,5,,,2024-5--0,#N/A,,,,
2024,5,,,2024-5--0,#N/A,,,,
2024,5,,,2024-5--0,#N/A,,,,
2024,5,,,2024-5--0,#N/A,,,,
2024,5,,,2024-5--0,#N/A,,,,
2024,5,,,2024-5--0,#N/A,,,,
2024,5,,,2024-5--0,#N/A,,,,
2024,5,,,2024-5--0,#N/A,,,,
2024,5,,,2024-5--0,#N/A,,,,
2024,5,,,2024-5--0,#N/A,,,,
2024,5,,,2024-5--0,#N/A,,,,
2024,5,,,2024-5--0,#N/A,,,,
2024,5,,,2024-5--0,#N/A,,,,
2024,5,,,2024-5--0,#N/A,,,,
2024,6,,,2024-6--0,#N/A,,,,
2024,6,,,2024-6--0,#N/A,,,,
2024,6,,,2024-6--0,#N/A,,,,
2024,6,,,2024-6--0,#N/A,,,,
2024,6,,,2024-6--0,#N/A,,,,
2024,6,,,2024-6--0,#N/A,,,,
2024,6,,,2024-6--0,#N/A,,,,
2024,6,,,2024-6--0,#N/A,,,,
2024,6,,,2024-6--0,#N/A,,,,
2024,6,,,2024-6--0,#N/A,,,,
2024,6,,,2024-6--0,#N/A,,,,
2024,6,,,2024-6--0,#N/A,,,,
2024,6,,,2024-6--0,#N/A,,,,
2024,6,,,2024-6--0,#N/A,,,,
2024,6,,,2024-6--0,#N/A,,,,
2024,6,,,2024-6--0,#N/A,,,,
2024,6,,,2024-6--0,#N/A,,,,
2024,6,,,2024-6--0,#N/A,,,,
2024,6,,,2024-6--0,#N/A,,,,
2024,6,,,2024-6--0,#N/A,,,,
2024,6,,,2024-6--0,#N/A,,,,
2024,6,,,2024-6--0,#N/A,,,,
2024,6,,,2024-6--0,#N/A,,,,
2024,6,,,2024-6--0,#N/A,,,,
2024,7,,,2024-7--0,#N/A,,,,
2024,7,,,2024-7--0,#N/A,,,,
2024,7,,,2024-7--0,#N/A,,,,
2024,7,,,2024-7--0,#N/A,,,,
2024,7,,,2024-7--0,#N/A,,,,
2024,7,,,2024-7--0,#N/A,,,,
2024,7,,,2024-7--0,#N/A,,,,
2024,7,,,2024-7--0,#N/A,,,,
2024,7,,,2024-7--0,#N/A,,,,
2024,7,,,2024-7--0,#N/A,,,,
2024,7,,,2024-7--0,#N/A,,,,
2024,7,,,2024-7--0,#N/A,,,,
2024,7,,,2024-7--0,#N/A,,,,
2024,7,,,2024-7--0,#N/A,,,,
2024,7,,,2024-7--0,#N/A,,,,
2024,7,,,2024-7--0,#N/A,,,,
2024,7,,,2024-7--0,#N/A,,,,
2024,7,,,2024-7--0,#N/A,,,,
2024,7,,,2024-7--0,#N/A,,,,
2024,7,,,2024-7--0,#N/A,,,,
2024,7,,,2024-7--0,#N/A,,,,
2024,7,,,2024-7--0,#N/A,,,,
2024,7,,,2024-7--0,#N/A,,,,
2024,7,,,2024-7--0,#N/A,,,,
2024,8,,,2024-8--0,#N/A,,,,
2024,8,,,2024-8--0,#N/A,,,,
2024,8,,,2024-8--0,#N/A,,,,
2024,8,,,2024-8--0,#N/A,,,,
2024,8,,,2024-8--0,#N/A,,,,
2024,8,,,2024-8--0,#N/A,,,,
2024,8,,,2024-8--0,#N/A,,,,
2024,8,,,2024-8--0,#N/A,,,,
2024,8,,,2024-8--0,#N/A,,,,
2024,8,,,2024-8--0,#N/A,,,,
2024,8,,,2024-8--0,#N/A,,,,
2024,8,,,2024-8--0,#N/A,,,,
2024,8,,,2024-8--0,#N/A,,,,
2024,8,,,2024-8--0,#N/A,,,,
2024,8,,,2024-8--0,#N/A,,,,
2024,8,,,2024-8--0,#N/A,,,,
2024,8,,,2024-8--0,#N/A,,,,
2024,8,,,2024-8--0,#N/A,,,,
2024,8,,,2024-8--0,#N/A,,,,
2024,8,,,2024-8--0,#N/A,,,,
2024,8,,,2024-8--0,#N/A,,,,
2024,8,,,2024-8--0,#N/A,,,,
2024,8,,,2024-8--0,#N/A,,,,
2024,8,,,2024-8--0,#N/A,,,,
2024,9,,,2024-9--0,#N/A,,,,
2024,9,,,2024-9--0,#N/A,,,,
2024,9,,,2024-9--0,#N/A,,,,
2024,9,,,2024-9--0,#N/A,,,,
2024,9,,,2024-9--0,#N/A,,,,
2024,9,,,2024-9--0,#N/A,,,,
2024,9,,,2024-9--0,#N/A,,,,
2024,9,,,2024-9--0,#N/A,,,,
2024,9,,,2024-9--0,#N/A,,,,
2024,9,,,2024-9--0,#N/A,,,,
2024,9,,,2024-9--0,#N/A,,,,
2024,9,,,2024-9--0,#N/A,,,,
2024,9,,,2024-9--0,#N/A,,,,
2024,9,,,2024-9--0,#N/A,,,,
2024,9,,,2024-9--0,#N/A,,,,
2024,9,,,2024-9--0,#N/A,,,,
2024,9,,,2024-9--0,#N/A,,,,
2024,9,,,2024-9--0,#N/A,,,,
2024,9,,,2024-9--0,#N/A,,,,
2024,9,,,2024-9--0,#N/A,,,,
2024,9,,,2024-9--0,#N/A,,,,
2024,9,,,2024-9--0,#N/A,,,,
2024,9,,,2024-9--0,#N/A,,,,
2024,9,,,2024-9--0,#N/A,,,,
